,name
0,cristiano
1,kyliejenner
2,selenagomez
3,leomessi
4,beyonce
5,kimkardashian
6,billieeilish
7,neymarjr
8,kendalljenner
9,arianagrande
10,therock
11,zendaya
12,instagram
13,badgalriri
14,taylorswift
15,ddlovato
16,khloekardashian
17,shawnmendes
18,kourtneykardash
19,fcbarcelona
20,virat.kohli
21,kevinhart4real
22,iamcardib
23,milliebobbybrown
24,lalalalisa_m
25,tomholland2013
26,jenniferaniston
27,jamesrodriguez10
28,kingjames
29,narendramodi
30,jlo
31,blakelively
32,emmawatson
33,mileycyrus
34,aliaabhatt
35,k.mbappe
36,pewdiepie
37,jennierubyjane
38,priyankachopra
39,realmadrid
40,champagnepapi
41,robertdowneyjr
42,camila_cabello
43,nasa
44,maluma
45,lelepons
46,justinbieber
47,mosalah
48,roses_are_rosie
49,chrishemsworth
50,vindiesel
51,danbilzerian
52,lilireinhart
53,mahi7781
54,katyperry
55,harrystyles
56,natgeo
57,gigihadid
58,dualipa
59,colesprouse
60,antogriezmann
61,travisscott
62,mariliamendoncacantora
63,paulodybala
64,davidbeckham
65,zayn
66,camimendes
67,sooyaaa__
68,adele
69,shraddhakapoor
70,dovecameron
71,emilia_clarke
72,chrisbrownofficial
73,real__pcy
74,gal_gadot
75,whinderssonnunes
76,shahidkapoor
77,ncentineo
78,karolg
79,paulpogba
80,oohsehun
81,kjapa
82,jacquelinef143
83,zacefron
84,anitta
85,dishapatani
86,postmalone
87,ranveersingh
88,marcelotwelve
89,sophiet
90,vancityreynolds
91,ladygaga
92,badbunnypr
93,madelame
94,baekhyunee_exo
95,nehakakkar
96,blackpinkofficial
97,shakira
98,georginagio
99,hrithikroshan
100,hazardeden_10
101,saraalikhan95
102,ronaldinho
103,tatawerneck
104,brentrivera
105,theellenshow
106,anushkasharma
107,noahschnapp
108,daviddobrik
109,brunamarquezine
110,nikefootball
111,anuel_2blea
112,larissamanoela
113,luissuarez9
114,karimbenzema
115,sergioramos
116,marvelstudios
117,shanedawson
118,kritisanon
119,justintimberlake
120,lilpump
121,katrinakaif
122,shaymitchell
123,teddysphotos
124,willsmith
125,jamescharles
126,sabrinacarpenter
127,9gag
128,luisitocomunica
129,finnwolfhardofficial
130,thenotoriousmma
131,bretmanrock
132,zidane
133,chrissyteigen
134,caradelevingne
135,sadiesink_
136,haileybieber
137,jacksonwang852g7
138,amandacerny
139,eljuanpazurita
140,strangerthingstv
141,emrata
142,iamhalsey
143,deepikapadukone
144,dannapaola
145,wizkhalifa
146,nusr_et
147,asaprocky
148,jeffreestar
149,liamhemsworth
150,nike
151,nattinatasha
152,loren
153,adidasfootball
154,sommerray
155,nickyjampr
156,kimberly.loaiza
157,margotrobbie
158,theweeknd
159,dlwlrma
160,actorleeminho
161,nba
162,zachking
163,loganpaul
164,sunnyleone
165,yuyacst
166,barackobama
167,niallhoran
168,tigerjackieshroff
169,xxxibgdrgn
170,lizakoshy
171,juventus
172,maisa
173,marshmellomusic
174,ester_exposito
175,varundvn
176,iambeckyg
177,championsleague
178,m10_official
179,433
180,marinaruybarbosa
181,sachintendulkar
182,akshaykumar
183,catherinemcbroom
184,victoriabeckham
185,jannatzubair29
186,jbalvin
187,vanessahudgens
188,stephencurry30
189,iamzlatanibrahimovic
190,bellahadid
191,liluzivert
192,nickjonas
193,evcenf
194,graysondolan
195,jokowi
196,eminem
197,thehughjackman
198,daddyyankee
199,miakhalifa
200,beingsalmankhan
201,antonelaroccuzzo
202,hannahstocking
203,flaviapavanelli
204,lilyjcollins
205,bellathorne
206,maddieziegler
207,phil.coutinho
208,ursulolita
209,nina
210,zkdlin
211,nba_youngboy
212,toni.kr8s
213,ashleybenson
214,raffinagita1717
215,carlinhosmaiaof
216,handemiyy
217,ethandolan
218,parineetichopra
219,manchesterunited
220,khabib_nurmagomedov
221,liampayne
222,juandediospantoja
223,urvashirautela
224,ivetesangalo
225,realbarbarapalvin
226,lamborghini
227,lucyhale
228,hudabeauty
229,reynmen
230,iamsrk
231,twicetagram
232,emmachamberlain
233,leaelui
234,miguel.g.herran
235,leonardodicaprio
236,tyga
237,iansomerhalder
238,kapilsharma
239,victoriajustice
240,burakozcivit
241,cznburak
242,feliciathegoat
243,victoriassecret
244,iscoalarcon
245,floydmayweather
246,gretathunberg
247,hilaryduff
248,prattprattpratt
249,lukamodric10
250,lanadelrey
251,21savage
252,taeyeon_ss
253,charlieputh
254,fortnite
255,netflix
256,gatenm123
257,mcmirella
258,bambam1a
259,realdonaldtrump
260,annakendrick47
261,michelleobama
262,bhadbhabie
263,_rl9
264,obj
265,laurenlondon
266,vanessamorgan
267,britneyspears
268,kimjuncotton
269,gio_ewbank
270,c.syresmith
271,ludmilla
272,lizgillz
273,roberto_firmino
274,germangarmendia
275,rosalia.vt
276,marimaria
277,danialves
278,marcoasensio10
279,__youngbae__
280,juicewrld999
281,mr_faisu_07
282,gisele
283,chiaraferragni
284,andresiniesta8
285,alissaviolet
286,natashawilona12
287,kimshantal
288,paollaoliveirareal
289,alexisren
290,marvel
291,luisasonza
292,mrbeast
293,lizbethrodriguezoficial
294,layzhang
295,kenzie
296,alexandradaddario
297,gianlucavacchi
298,mark_tuan
299,annieleblanc
300,hardikpandya93
301,kyrieirving
302,kevinho
303,annecurtissmith
304,kartikaaryan
305,nancyajram
306,kaka
307,haileesteinfeld
308,peytonlist
309,premierleague
310,rohitsharma45
311,channingtatum
312,reesewitherspoon
313,ananyapanday
314,debbyryan
315,bmw
316,kajalaggarwalofficial
317,krisjenner
318,_agentgirl_
319,thenewclassic
320,heybiblee
321,daquan
322,ciara
323,aron.piper
324,twhiddleston
325,falcao
326,natgeotravel
327,perrieedwards
328,jaimelorentelo
329,houseofhighlights
330,gusein.gasanov
331,aslisona
332,ninja
333,skuukzky
334,soycarolinadiaz
335,martingarrix
336,wesleysafadao
337,offsetyrn
338,mterstegen1
339,auronplay
340,troyesivan
341,soydannyalfaro
342,felipeneto
343,yoona__lim
344,sav.labrant
345,samoylovaoxana
346,liverpoolfc
347,tinistoessel
348,adidasoriginals
349,viihtube
350,ozuna
351,psg
352,camerondallas
353,cleo
354,sonamkapoor
355,banksy
356,sofiacarson
357,eunwo.o_c
358,bn_sj2013
359,gusttavolima
360,littlebodybigheart
361,bhuvan.bam22
362,indiancricketteam
363,fuckjerry
364,itsmarziapie
365,avneetkaur_13
366,pefabiodemelo
367,iqbaal.e
368,schwarzenegger
369,juki_lop
370,jichangwook
371,meganfox
372,gururandhawa
373,ruben_onsu
374,bramastavrl
375,thedeverakonda
376,alexis_officia1
377,taylor_hill
378,chelseafc
379,nehasharmaofficial
380,attahalilintar
381,tatizaqui
382,markruffalo
383,fedez
384,hassan_reyvandi
385,neslihanatagul
386,alexmorgan13
387,virgilvandijk
388,ivanrakitic
389,prillylatuconsina96
390,jakepaul
391,emmaroberts
392,viniciusjunior
393,easymoneysniper
394,kobebryant
395,sza
396,elle
397,gabigol
398,hm
399,tomo.y9
400,bighit_ent
401,cvillaloboss
402,lilyachty
403,jensenackles
404,karolsevillaofc
405,gisel_la
406,henrycavill
407,mirandacosgrove
408,bibisbeautypalace
409,laudyacynthiabella
410,samsmith
411,tchalamet
412,3gerardpique
413,nashgrier
414,apple
415,joejonas
416,russwest44
417,frenkiedejong
418,d_degeaofficial
419,demirosemawby
420,yu_gyeom
421,wos.ds3
422,keniaos
423,jadepicon
424,tylerrjoseph
425,catriona_gray
426,lanacondor
427,shelengovskiy
428,agnezmo
429,sincerooficial
430,paulwalker
431,porsche
432,cazzu
433,letthelordbewithyou
434,5.min.crafts
435,francinyehlke
436,ritaora
437,ladivaza
438,aishwaryaraibachchan_arb
439,easportsfifa
440,riaricis1795
441,trippieredd
442,kingbach
443,sebas
444,caeliyt
445,beberexha
446,julianapaes
447,kiaraaliaadvani
448,avengers
449,sabrinasato
450,anthonyjoshua
451,paulolondra
452,nikkietutorials
453,paulwesley
454,trueno
455,massafera
456,lexibrookerivera
457,avicii
458,austinmcbroom
459,eliana
460,luisafernandaw
461,jenniferwinget1
462,sidmalhotra
463,inanna
464,laliga
465,kevindebruyne
466,tirullipa
467,alok
468,brunogagliasso
469,joannagaines
470,weareone.exo
471,thefatjewish
472,ileana_official
473,gabunion
474,madhuridixitnene
475,louist91
476,aliciakeys
477,oprah
478,joeyking
479,sebastianyatra
480,cocielo
481,dolantwins
482,brielarson
483,annehathaway
484,twentyonepilots
485,ross_lynch
486,disney
487,maudyayunda
488,simoneses
489,rubyrose
490,earthpix
491,rice
492,samantharuthprabhuoffl
493,bernardokath
494,nianaguerrero
495,vousmevoyez
496,ansel
497,michaelbjordan
498,irinashayk
499,carles5puyol
500,iynemliarasbulut
501,fernandasouzaoficial
502,ferrari
503,uncle_jezzy
504,mercedesbenz
505,jakegyllenhaal
506,nikita_dragun
507,kyliecosmetics
508,norafatehi
509,courteneycoxofficial
510,gucci
511,ayushmannk
512,taapsee
513,officialslystallone
514,karinakross
515,kyo1122
516,quavohuncho
517,kunaguero
518,caiocastro
519,kensingtonroyal
520,lanarhoades
521,melissamelmaia
522,ricky_martin
523,sushantsinghrajput
524,timatiofficial
525,shreyaghoshal
526,mariapedraza_
527,gessicakayane
528,cole.labrant
529,kriswu
530,simaria
531,xsqueezie
532,jordynwoods
533,jharden13
534,jacobelordi
535,stassiebaby
536,hannahelzahed
537,wolfiecindy
538,lizasoberano
539,hadise
540,borodylia
541,bronny
542,citraciki
543,lewishamilton
544,playstation
545,serenayss
546,lacasadepapel
547,fcbayern
548,greeicy1
549,faz3
550,yamigautam
551,jairmessiasbolsonaro
552,thiagosilva
553,bts.jungkook
554,larasilva
555,louisvuitton
556,melton
557,sureshraina3
558,lukehemmings
559,nissa_sabyan
560,felicyangelista_
561,dylanminnette
562,taina
563,nastya_nass_
564,sushitrash
565,sofiaalcastro
566,easymoneysniper
567,dwyanewade
568,riyaz.14
569,bumkeyk
570,humansofny
571,harialmeida_
572,sarwendah29
573,playboicarti
574,shirleysetia
575,casemiro
576,thegr8khalid
577,aislinnderbez
578,kiernanshipka
579,yuvisofficial
580,aubameyang97
581,raisa6690
582,praybeytbenjamin
583,zelenskiy_official
584,arsenal
585,romeosantos
586,renebaebae
587,tanamongeau
588,lisaandlena
589,leosantana
590,sadiomaneofficiel
591,serenawilliams
592,kristenanniebell
593,joshuadun
594,arishfakhan138
595,salshabillaadr
596,booboodaddy
597,rakulpreet
598,prdsdef
599,amberrose
600,giannis_an34
601,hegdepooja
602,salmahayek
603,tatafersoza
604,janhvikapoor
605,nct127
606,raphaelvarane
607,golfarahani
608,fernanfloo
609,brooklynbeckham
610,queenbuenrostro
611,diddy
612,camilomusica
613,viavallen
614,angelcandices
615,adamlevine
616,lizzobeeating
617,rockstargames
618,jimmyfallon
619,angeliqueboyer
620,luansantana
621,melo
622,galichida
623,belindapop
624,helen_yes1
625,pabllovittar
626,justsul
627,renner4real
628,ppteamlesslie
629,teyanataylor
630,1demetozdemir
631,jaredpadalecki
632,soyandreazuniga
633,somsomi0309
634,everleighrose
635,jordialbaoficial
636,kajol
637,shuapeck
638,marcinho11
639,ashleygraham
640,chanelofficial
641,gabibrandt
642,jorgelopez_as
643,elcinsangu
644,rachel_mypark
645,anllela_sagra
646,officialtomellis
647,therealstanlee
648,dylansprouse
649,ler_chek
650,ssinz7
651,imsebastianstan
652,pokimanelol
653,theestallion
654,abdevilliers17
655,lacikaysomers
656,juanpa
657,dababy
658,ufc
659,treysongz
660,lunay
661,laflare1017
662,lauramarano
663,queennaija
664,andressasuita
665,enriqueiglesias
666,lucasranngel
667,kingarturo23oficial
668,lunamaya
669,alissonbecker
670,rogerfederer
671,aliiiiiiiikarimi8
672,wow_kimsohyun
673,realstraykids
674,joaoguilherme
675,sussexroyal
676,_imyour_joy
677,jessica.syj
678,joselyncano
679,lucas_lira
680,camilaloures
681,sofiavergara
682,pautips
683,dejesusoficial
684,jude_devir
685,ikercasillas
686,voguemagazine
687,alfinetei
688,rterdogan
689,sportscenter
690,killadamente
691,johnlegend
692,nadin_serovski
693,nct
694,mariaventure
695,mturizomusic
696,imouniroy
697,espn
698,mylifeaseva
699,amandaeliselee
700,benazelart
701,tammyhembrow
702,alaiamcbroom
703,colleen
704,buzzfeedtasty
705,marcusrashford
706,dearra
707,mahnaz_afshar
708,itzan.escamilla
709,jumpman23
710,tiktok
711,corinnakopf
712,hitocaesar
713,kehlani
714,katieangeltv
715,ayutingting92
716,vickykaushal09
717,thuggerthugger1
718,rahulkl
719,bleacherreport
720,choi_seung_hyun_tttop
721,claudialeitte
722,manurios
723,audi
724,333cyj333
725,natalinanoel
726,sarcasm_only
727,urassayas
728,princessyahrini
729,lilly
730,theshilpashetty
731,charlidamelio
732,ramadhaniabakrie
733,pocah
734,shrutzhaasan
735,markiplier
736,realhinakhan
737,watanabenaomi703
738,jefrinichol
739,thomasadoherty
740,hazalkaya
741,hyunah_aa
742,g_eazy
743,theslumpgod
744,calleypoche
745,netflixbrasil
746,alidaei
747,adidas
748,yasmine_sabri
749,amitabhbachchan
750,juliaroberts
751,lisakudrow
752,jessicathivenin
753,jacksepticeye
754,sofiarichie
755,isisvalverde
756,anushkasen0408
757,hasnaink07
758,hztttao
759,rossbutler
760,mdeligt_
761,arashi_5_official
762,tombrady
763,celestebarber
764,future
765,bugatti
766,alvaroricoladera
767,canyaman
768,aykutelmas
769,zionwilliamson
770,hi_sseulgi
771,thecwriverdale
772,davidluiz_4
773,cagatayulusoy
774,hammy_tv
775,kingryang
776,cinthiacruz_
777,edwestwick
778,chelseaoliviaa
779,saythename_17
780,therealcalebmclaughlin
781,anastasiya_kvitko
782,tarasutaria
783,txt_bighit
784,richthekid
785,davikah
786,raditya_dika
787,karengillanofficial
788,zuck
789,galatasaray
790,evalunamontaner
791,littlemix
792,starbucks
793,salicerose
794,tessabrooks
795,alvaromorata
796,lucas_xx444
797,nagiev.universal
798,wizkidayo
799,drakebell
800,btsjimin
801,enesbatur
802,imalanstokes
803,sashapieterse
804,kimheenim
805,nadine
806,starwars
807,rafaavitti
808,alishaboe
809,inijedar
810,julienco_
811,claireholt
812,alanwalkermusic
813,katrinka_family
814,nastyaivleeva
815,jadapinkettsmith
816,laurenjauregui
817,caitlynjenner
818,leedonghae
819,divyankatripathidahiya
820,prabowo
821,dqsalmaan
822,lilbaby_1
823,remixadam
824,pevpearce
825,poche
826,mario_houses
827,_irishbella_
828,sleepinthegardn
829,malutrevejo
830,btstae
831,world_record_egg
832,manushi_chhillar
833,armaanmalik
834,soyummy
835,rickeythompson
836,notnoen
837,supremenewyork
838,zane
839,redvelvet.smtown
840,tarajiphenson
841,lilnasx
842,lauracbrito
843,lexa
844,markwahlberg
845,virginia
846,lilpeep
847,anupamaparameswaran96
848,miguel_bernardeau
849,grefg_official
850,kto_takaya
851,harrykane
852,iza
853,justyoss
854,rashmika_mandanna
855,candiceking
856,najwashihab
857,saadlamjarred1
858,sergiroberto
859,danielhowell
860,ygtrece
861,kellyrowland
862,farrukoofficial
863,baimwong
864,memphisdepay
865,melissabenoist
866,manuelneuer
867,luara
868,rodrigofaro
869,zaskiasungkar15
870,dukissj
871,tfue
872,martial_9
873,rafaelnadal
874,osw_onge
875,wwe
876,riyadmahrez26.7
877,jujusalimeni
878,nick__bateman
879,kristenhanby
880,blythe
881,paulogustavo31
882,priscillaalcantara
883,romeestrijd
884,michelle_lewin
885,anastasiabeverlyhills
886,rafaeluccman
887,its_juliarose
888,zoesugg
889,thalia
890,alghazali7
891,jheneaiko
892,waynerooney
893,zara
894,keylornavas1
895,apasnayaryka
896,gianluigibuffon
897,realllllmino
898,juanbertheau
899,angelinajolieofficial
900,solenn
901,giovannachaves
902,matheusyurley
903,antoniiogarza
904,zo
905,iamamyjackson
906,radwaelsherbiny
907,jesselingard
908,gabrieldiniz
909,anacheri
910,christian_fig
911,brianmaps
912,alvaromorte
913,alluarjunonline
914,valeyellow46
915,jaspritb1
916,younggoth
917,mohamadaminkarimpor
918,actor_jisoo
919,saweetie
920,belenrodriguezreal
921,caseycott
922,cagritaner
923,palomamami
924,aslienver
925,canelo
926,normani
927,jaredleto
928,johnnyorlando
929,lucasvazquez91
930,mathildtantot
931,skaijackson
932,friends
933,prideofgypsies
934,klaythompson
935,burcuozberk
936,beautifuldestinations
937,tamannaahspeaks
938,winnieharlow
939,soueunavida
940,mauochmann
941,juliabarretto
942,calumhood
943,gopro
944,danirussotv
945,jessicaalba
946,chanteljeffries
947,cosculluela
948,jailyneojeda
949,ashishchanchlani
950,thedodo
951,nabilla
952,youtube
953,frenchmontana
954,katehudson
955,mb459
956,taraneh_alidoosti
957,pink
958,jaedenwesley
959,nicki.nicole
960,sarahhyland
961,siwonchoi
962,gabrielmedina
963,kivanctatlitug
964,5sos
965,djsnake
966,cristinadacosta
967,tiffanyyoungofficial
968,dkharbour
969,camilaqueiroz
970,noorstars
971,skrillex
972,imalexstokes
973,hahadavis
974,dhasiawezka
975,kianlawley
976,manelyk_oficial
977,paytonmoormeier
978,yerimiese
979,jassie.gill
980,rayito
981,anwar
982,fatimabernardes
983,official_lai_kuanlin
984,ppteamkaren
985,barbaraderegil
986,ekremimamoglu
987,evelynregly
988,ahmedhelmy
989,deiveleonardo
990,vaneshaass
991,marioruiz
992,kefera
993,muniknunes
994,marcosmion
995,akinakinozu
996,didierdrogba
997,samumtiti
998,danielaacallee
999,wonderful_places
